N° Patient;Centre;Sexe;Age (ans);Poids (kg);Traitement;Dose (mg);Duree traitement;Biomarqueur J0;Biomarqueur J28;Effet indesirable;Reponse;Date visite
PAT-0110;CH Lyon Sud;H;38.0;68.5;TRAITEMENT B;98.0;26;114.7;84.8;Non;Répondeur;2026-06-29
PAT-0103;CHU Nice;H;52.0;60.1;TRAITEMENT C;142.0;26;106.8;65.6;Oui;Répondeur;2026-01-30
PAT-0052;CHU Nice;H;33.0;72.1;TRAITEMENT B;100.0;37;102.7;88.5;Non;Répondeur;2026-04-13
PAT-0080;CHU Marseille;F;55.0;72.7;TRAITEMENT B;100.0;27;76.2;66.2;Non;Répondeur;2026-05-12
PAT-0155;CHU Nice;H;35.0;72.3;TRAITEMENT A;52.0;24;107.4;98.3;Non;Répondeur;2026-07-13
PAT-0143;CH Lyon Sud;H;52.0;72.4;TRAITEMENT C;152.0;25;54.1;33.1;Non;Répondeur;2026-06-06
PAT-0012;CH Lyon Sud;H;47.0;71.8;TRAITEMENT A;46.0;27;115.5;104.6;Non;Répondeur;2026-02-04
PAT-0133;CHU Marseille;H;50.0;89.2;TRAITEMENT B;107.0;34;113.3;93.2;Non;Répondeur;2026-01-13
PAT-0017;CHU Marseille;F;60.0;58.6;TRAITEMENT C;155.0;29;89.9;67.3;Non;Répondeur;2026-03-09
PAT-0036;CHU Nice;F;51.0;75.1;TRAITEMENT A;55.0;24;90.0;91.3;Non;Non répondeur;2026-03-08
PAT-0154;CHU Marseille;F;43.0;82.0;TRAITEMENT A;47.0;27;91.3;84.7;Non;Non répondeur;2026-04-28
PAT-0013;CHU Marseille;H;40.0;79.7;TRAITEMENT A;47.0;21;124.3;108.8;Non;Non répondeur;2026-03-23
PAT-0048;CHU Nice;F;50.0;91.8;TRAITEMENT C;149.0;20;78.8;47.8;;Répondeur;2026-01-14
PAT-0131;CHU Nice;H;47.0;42.6;TRAITEMENT B;102.0;27;115.4;103.2;Non;Non répondeur;2026-05-01
PAT-0156;CHU Marseille;F;63.0;75.1;PLACEBO;0.0;12;70.1;56.9;Non;Répondeur;2026-07-26
PAT-0064;CHU Marseille;F;48.0;80.1;PLACEBO;2.0;24;109.8;;Non;Non répondeur;2026-01-16
PAT-0159;CHU Marseille;H;57.0;76.7;PLACEBO;0.0;15;97.1;101.3;Non;Non répondeur;2026-06-02
PAT-0163;CHU Nice;F;60.0;56.1;PLACEBO;5.0;36;94.8;90.7;Non;Non répondeur;2026-04-02
PAT-0025;CHU Marseille;H;50.0;55.5;TRAITEMENT A;58.0;28;92.8;93.9;Non;Non répondeur;2026-04-30
PAT-0089;CHU Nice;H;58.0;69.8;PLACEBO;0.0;26;74.6;71.3;Non;Répondeur;2026-03-06
PAT-0085;CHU Nice;F;44.0;81.8;TRAITEMENT A;49.0;25;75.0;68.3;Non;Répondeur;2026-06-14
PAT-0149;CHU Nice;F;58.0;81.4;TRAITEMENT B;100.0;23;82.6;68.7;Non;Non répondeur;2026-04-04
PAT-0021;CHU Marseille;F;42.0;60.8;TRAITEMENT B;92.0;37;92.3;85.1;Oui;Non répondeur;2026-02-18
PAT-100;CH Lyon Sud;F;44.0;83.3;TRAITEMENT B;93.0;13;143.4;126.2;Non;Répondeur;2026-02-10
PAT-174;CH Lyon Sud;F;64.0;80.0;TRAITEMENT B;101.0;21;74.9;58.7;Non;Répondeur;2026-03-05
PAT-0057;CHU Marseille;H;33.0;84.5;PLACEBO;3.0;28;113.5;109.4;Non;Non répondeur;2026-01-13
PAT-0135;CHU Marseille;H;38.0;67.8;TRAITEMENT C;142.0;33;74.3;49.7;Non;Répondeur;2026-06-07
PAT-0014;CH Lyon Sud;F;46.0;60.6;TRAITEMENT A;48.0;27;87.2;72.1;Non;Répondeur;2026-07-08
PAT-0033;CHU Nice;H;59.0;72.6;TRAITEMENT B;102.0;28;123.2;111.8;Non;Non répondeur;2026-04-30
PAT-0107;CHU Nice;H;45.0;84.1;TRAITEMENT B;103.0;23;137.0;129.6;Non;Répondeur;2026-01-27
PAT-139;CHU Marseille;H;54.0;87.7;TRAITEMENT A;49.0;22;102.8;99.2;Non;Répondeur;2026-07-25
PAT-0067;CHU Marseille;F;78.0;52.4;TRAITEMENT A;;26;60.3;45.6;Non;Répondeur;2026-06-12
PAT-0092;CHU Marseille;H;39.0;63.8;TRAITEMENT C;149.0;29;70.0;48.5;Non;Répondeur;2026-07-27
PAT-0070;CHU Nice;H;55.0;57.9;TRAITEMENT C;152.0;27;55.6;35.9;Non;Répondeur;2026-04-06
PAT-0059;CHU Nice;H;68.0;81.4;PLACEBO;0.0;26;89.4;76.2;Non;Répondeur;2026-06-30
PAT-0006;CH Lyon Sud;F;70.0;83.5;TRAITEMENT A;45.0;24;116.7;109.0;Non;Non répondeur;2026-04-11
PAT-0117;CHU Marseille;F;48.0;75.4;TRAITEMENT A;52.0;18;107.5;91.8;Non;Répondeur;2026-03-11
PAT-0063;CHU Marseille;H;37.0;79.0;PLACEBO;4.0;28;66.6;67.5;Non;Non répondeur;2026-02-09
PAT-0073;CH Lyon Sud;H;55.0;87.0;TRAITEMENT B;102.0;26;112.9;97.7;Non;Répondeur;2026-01-31
PAT-0158;CHU Marseille;F;83.0;75.7;TRAITEMENT C;155.0;17;109.6;87.8;Non;Répondeur;2026-02-18
PAT-0009;CHU Nice;F;54.0;78.1;TRAITEMENT A;48.0;31;71.1;68.5;Non;Non répondeur;2026-03-03
PAT-0078;CHU Marseille;H;45.0;60.0;TRAITEMENT B;98.0;28;96.8;84.1;Non;Répondeur;2026-01-16
PAT-106;CHU Marseille;H;58.0;86.2;TRAITEMENT B;102.0;22;83.5;65.5;Non;Répondeur;2026-01-15
PAT-0032;CH Lyon Sud;F;57.0;76.9;PLACEBO;0.0;24;124.6;119.3;Non;Répondeur;2026-04-04
PAT-0142;CHU Marseille;F;30.0;93.0;TRAITEMENT C;152.0;20;119.6;94.9;Oui;Répondeur;2026-04-22
PAT-0137;CH Lyon Sud;H;56.0;62.2;TRAITEMENT A;45.0;40;105.8;92.4;Non;Non répondeur;2026-07-28
PAT-0180;CHU Marseille;F;40.0;70.9;TRAITEMENT C;151.0;32;115.5;104.5;;Non répondeur;2026-06-04
PAT-0119;CHU Nice;F;38.0;74.7;TRAITEMENT B;101.0;29;91.9;65.1;Non;Répondeur;2026-01-15
PAT-0104;CH Lyon Sud;H;55.0;75.8;TRAITEMENT A;51.0;26;107.0;96.4;Oui;Répondeur;2026-07-28
PAT-0069;CHU Nice;H;41.0;65.9;PLACEBO;0.0;27;119.7;107.1;Non;Répondeur;2026-07-01
PAT-0122;CHU Marseille;H;33.0;66.7;PLACEBO;0.0;20;94.0;89.2;Non;Répondeur;2026-01-22
PAT-0002;CHU Nice;F;39.0;84.2;PLACEBO;1.0;27;120.4;115.9;Non;Non répondeur;2026-04-26
PAT-0127;CHU Nice;H;50.0;72.3;TRAITEMENT A;52.0;20;106.0;95.3;Oui;Non répondeur;2026-06-18
PAT-0079;CHU Marseille;H;63.0;76.4;TRAITEMENT C;161.0;28;106.0;75.9;Non;Répondeur;2026-07-26
PAT-0177;CHU Nice;F;42.0;50.5;TRAITEMENT B;107.0;23;86.4;74.6;Non;Non répondeur;2026-04-02
PAT-0018;CHU Nice;F;45.0;54.8;TRAITEMENT A;47.0;36;112.4;100.3;Non;Répondeur;2026-02-09
PAT-0161;CHU Nice;H;50.0;79.3;TRAITEMENT C;153.0;36;77.4;57.8;Non;Répondeur;2026-02-20
PAT-0082;CHU Nice;F;59.0;71.4;PLACEBO;8.0;38;87.8;80.8;Oui;Non répondeur;2026-06-13
PAT-0051;CHU Nice;H;54.0;62.2;TRAITEMENT B;100.0;33;113.2;85.8;Non;Répondeur;2026-03-20
PAT-0023;CH Lyon Sud;F;41.0;84.4;TRAITEMENT C;151.0;27;101.6;82.1;Non;Répondeur;2026-02-07
PAT-0077;CHU Nice;F;46.0;74.2;PLACEBO;7.0;36;129.4;118.7;Non;Répondeur;2026-03-17
PAT-0058;CHU Marseille;F;69.0;61.9;TRAITEMENT C;144.0;35;74.8;67.5;Oui;Répondeur;2026-03-28
PAT-0162;CH Lyon Sud;F;63.0;61.2;TRAITEMENT A;45.0;28;118.9;118.2;Non;Non répondeur;2026-01-18
PAT-0146;CHU Nice;F;51.0;73.4;TRAITEMENT C;139.0;24;72.0;43.4;Oui;Répondeur;2026-04-11
PAT-0123;CHU Nice;F;61.0;87.8;TRAITEMENT B;96.0;33;114.7;105.6;Oui;Répondeur;2026-06-06
PAT-0068;CHU Nice;H;37.0;72.9;TRAITEMENT C;152.0;39;84.1;68.2;Oui;Répondeur;2026-03-21
PAT-0097;CHU Nice;H;35.0;70.7;TRAITEMENT C;145.0;29;129.8;109.3;Non;Répondeur;2026-07-22
PAT-0041;CHU Nice;H;40.0;47.3;TRAITEMENT A;41.0;35;96.5;90.0;Non;Répondeur;2026-03-14
PAT-0165;CHU Marseille;F;45.0;72.9;PLACEBO;1.0;33;92.1;84.2;Non;Répondeur;2026-05-04
PAT-0076;CHU Nice;F;35.0;72.1;PLACEBO;0.0;27;109.0;103.5;Non;Répondeur;2026-07-19
PAT-0055;CHU Marseille;F;40.0;94.5;PLACEBO;8.0;27;65.9;47.1;Non;Non répondeur;2026-06-13
PAT-0144;CHU Marseille;F;40.0;91.3;TRAITEMENT B;102.0;31;94.9;74.2;Non;Répondeur;2026-07-02
PAT-0113;CHU Nice;F;85.0;65.6;PLACEBO;7.0;17;109.0;108.2;Non;Non répondeur;2026-01-12
PAT-0179;CH Lyon Sud;F;39.0;69.6;PLACEBO;2.0;31;115.9;114.6;Non;Non répondeur;2026-03-13
PAT-0044;CHU Nice;F;53.0;60.8;PLACEBO;1.0;32;67.8;58.8;Non;Non répondeur;2026-05-22
PAT-0173;CHU Nice;F;49.0;60.9;TRAITEMENT A;49.0;21;135.7;116.8;Non;Répondeur;2026-03-27
PAT-0030;CHU Marseille;F;61.0;59.5;TRAITEMENT C;150.0;32;110.4;86.3;Oui;Répondeur;2026-04-10
PAT-0124;CHU Nice;F;79.0;59.2;TRAITEMENT A;48.0;23;72.3;65.0;Non;Répondeur;2026-07-20
PAT-0037;CHU Nice;H;48.0;73.7;TRAITEMENT C;156.0;35;100.4;77.6;Non;Non répondeur;2026-04-07
PAT-0056;CHU Marseille;F;54.0;91.6;TRAITEMENT A;52.0;29;104.1;93.8;Non;Non répondeur;2026-06-23
PAT-0134;CHU Nice;H;74.0;59.6;TRAITEMENT A;47.0;26;106.5;93.4;Non;Répondeur;2026-07-17
PAT-0150;CHU Nice;H;45.0;64.2;PLACEBO;0.0;42;105.4;107.5;Non;Non répondeur;2026-07-02
PAT-0083;CH Lyon Sud;H;44.0;71.1;TRAITEMENT B;101.0;14;91.0;71.6;Non;Répondeur;2026-07-11
PAT-0087;CHU Marseille;H;59.0;74.7;TRAITEMENT C;143.0;32;115.5;97.0;Oui;Répondeur;2026-04-22
PAT-0020;CHU Marseille;H;21.0;68.1;TRAITEMENT B;102.0;24;127.8;104.1;Non;Répondeur;2026-02-11
PAT-0096;CHU Marseille;H;42.0;52.3;PLACEBO;0.0;32;106.6;91.8;Non;Répondeur;2026-04-10
PAT-0015;CHU Nice;H;58.0;71.9;PLACEBO;0.0;18;104.8;90.4;Non;Répondeur;2026-05-29
PAT-0047;CHU Nice;H;62.0;82.2;TRAITEMENT A;59.0;32;104.0;95.3;Non;Non répondeur;2026-04-04
PAT-0114;CHU Marseille;H;47.0;74.8;PLACEBO;9.0;27;79.3;83.2;Non;Non répondeur;2026-04-17
PAT-0054;CHU Marseille;F;55.0;60.8;TRAITEMENT C;156.0;21;93.7;71.6;Oui;Non répondeur;2026-03-31
PAT-0109;CHU Nice;F;70.0;58.3;PLACEBO;2.0;39;88.3;;Non;Non répondeur;2026-02-01
PAT-0074;CHU Nice;H;76.0;74.8;TRAITEMENT C;152.0;24;89.2;62.8;Non;Répondeur;2026-06-17
PAT-0062;CHU Marseille;F;21.0;85.7;PLACEBO;1.0;31;100.9;101.0;Non;Non répondeur;2026-05-10
PAT-0102;CHU Marseille;H;46.0;62.7;PLACEBO;2.0;21;87.2;75.3;Non;Répondeur;2026-03-20
PAT-0145;CHU Marseille;F;48.0;71.0;TRAITEMENT B;103.0;27;97.4;74.4;Oui;Répondeur;2026-02-13
PAT-0099;CHU Nice;F;55.0;83.7;TRAITEMENT C;148.0;37;110.5;97.7;Oui;Répondeur;2026-04-29
PAT-0007;CHU Marseille;H;46.0;61.3;TRAITEMENT C;151.0;28;101.1;72.7;Non;Répondeur;2026-06-21
PAT-0116;CH Lyon Sud;F;48.0;65.1;TRAITEMENT A;49.0;27;130.6;135.7;Non;Non répondeur;2026-07-26
PAT-0115;CHU Nice;F;27.0;66.5;TRAITEMENT A;57.0;22;105.6;88.4;Non;Répondeur;2026-02-11
PAT-0049;CHU Marseille;F;44.0;77.7;PLACEBO;2.0;23;99.6;87.1;Non;Répondeur;2026-04-12
PAT-0175;CHU Nice;H;23.0;72.7;PLACEBO;12.0;29;120.2;112.1;Non;Répondeur;2026-04-23
PAT-0121;CHU Marseille;F;59.0;59.5;TRAITEMENT A;54.0;31;95.9;97.5;Non;Répondeur;2026-02-22
PAT-0084;CHU Nice;H;69.0;91.8;PLACEBO;;16;99.6;105.9;Non;Non répondeur;2026-03-09
PAT-0061;CHU Marseille;F;57.0;76.9;TRAITEMENT B;104.0;22;84.6;81.5;Non;Non répondeur;2026-02-22
PAT-0005;CHU Nice;F;50.0;71.4;TRAITEMENT B;94.0;35;91.5;86.3;Oui;Non répondeur;2026-01-19
PAT-0046;CH Lyon Sud;F;64.0;73.1;TRAITEMENT C;149.0;21;101.0;85.9;Oui;Répondeur;2026-02-02
PAT-0043;CHU Marseille;F;56.0;85.1;TRAITEMENT C;146.0;32;65.3;38.2;Non;Non répondeur;2026-03-18
PAT-0130;CHU Marseille;H;54.0;85.4;TRAITEMENT B;104.0;32;119.9;108.8;Oui;Répondeur;2026-01-30
PAT-0045;CH Lyon Sud;H;42.0;51.5;TRAITEMENT C;147.0;31;112.7;93.9;Oui;Répondeur;2026-06-12
PAT-0027;CHU Marseille;H;50.0;88.1;TRAITEMENT B;110.0;26;98.2;85.2;Non;Répondeur;2026-04-12
PAT-0178;CH Lyon Sud;F;22.0;71.9;PLACEBO;1.0;28;135.7;134.9;;Non répondeur;2026-03-22
PAT-125;CHU Nice;F;54.0;48.7;PLACEBO;3.0;32;113.8;110.1;Oui;Répondeur;2026-07-28
PAT-0101;CH Lyon Sud;H;71.0;72.4;TRAITEMENT B;102.0;19;96.6;68.1;Non;Répondeur;2026-06-19
PAT-0111;CHU Marseille;F;21.0;74.4;TRAITEMENT A;48.0;26;98.3;93.6;Non;Non répondeur;2026-04-24
PAT-0004;CHU Marseille;H;69.0;60.7;PLACEBO;0.0;25;126.9;126.6;Non;Non répondeur;2026-06-29
PAT-0094;CHU Nice;F;33.0;77.6;PLACEBO;1.0;30;114.0;117.3;Non;Non répondeur;2026-01-20
PAT-0010;CHU Marseille;H;55.0;69.6;TRAITEMENT C;137.0;37;97.3;79.9;Non;Non répondeur;2026-05-22
PAT-0028;CHU Nice;F;55.0;75.1;TRAITEMENT C;149.0;20;86.6;80.9;Non;Répondeur;2026-02-08
PAT-0090;CHU Marseille;H;30.0;60.1;TRAITEMENT B;105.0;34;98.0;97.0;Oui;Non répondeur;2026-07-16
PAT-0136;CHU Nice;H;60.0;63.7;TRAITEMENT B;95.0;40;99.6;75.0;Non;Répondeur;2026-04-22
PAT-0093;CHU Nice;H;55.0;58.2;TRAITEMENT B;99.0;34;82.8;71.6;;Répondeur;2026-06-08
PAT-0176;CHU Nice;F;41.0;51.2;PLACEBO;0.0;30;121.9;121.5;Non;Non répondeur;2026-03-24
PAT-0075;CHU Nice;H;31.0;86.9;PLACEBO;0.0;36;106.5;96.0;Non;Répondeur;2026-06-27
PAT-0129;CHU Nice;H;30.0;70.7;TRAITEMENT B;98.0;30;121.3;100.7;Oui;Répondeur;2026-01-21
PAT-112;CHU Nice;H;73.0;69.8;TRAITEMENT A;54.0;21;96.0;90.9;Non;Non répondeur;2026-03-17
PAT-0034;CHU Nice;F;56.0;78.0;TRAITEMENT B;103.0;33;94.0;78.3;Non;Répondeur;2026-04-26
PAT-0118;CHU Marseille;F;50.0;67.6;TRAITEMENT B;104.0;23;94.0;84.2;Oui;Répondeur;2026-04-16
PAT-0095;CHU Nice;F;58.0;76.3;PLACEBO;3.0;25;104.3;87.3;Non;Répondeur;2026-03-26
PAT-0126;CHU Marseille;H;48.0;51.5;TRAITEMENT A;50.0;28;93.9;94.4;Oui;Non répondeur;2026-03-06
PAT-0022;CHU Nice;F;30.0;70.9;TRAITEMENT C;152.0;29;116.0;89.3;Oui;Répondeur;2026-05-29
PAT-0011;CHU Nice;F;72.0;79.1;TRAITEMENT C;141.0;28;75.0;58.2;Non;Répondeur;2026-02-18
PAT-0108;CHU Nice;H;47.0;70.5;TRAITEMENT C;143.0;43;105.2;91.6;;Répondeur;2026-04-12
PAT-0141;CHU Marseille;F;48.0;68.3;TRAITEMENT B;103.0;22;123.6;107.6;Non;Répondeur;2026-07-07
PAT-0026;CHU Nice;H;49.0;61.8;TRAITEMENT C;147.0;29;99.2;76.2;Non;Répondeur;2026-03-10
PAT-0050;CHU Nice;H;59.0;67.9;TRAITEMENT C;149.0;36;132.1;100.1;Non;Répondeur;2026-03-02
PAT-0029;CHU Nice;H;39.0;80.4;PLACEBO;0.0;19;110.6;118.2;Non;Non répondeur;2026-02-22
PAT-65;CHU Marseille;F;38.0;79.0;TRAITEMENT B;106.0;27;112.1;99.4;Non;Répondeur;2026-05-18
PAT-0003;CH Lyon Sud;F;40.0;69.3;PLACEBO;5.0;37;84.0;79.5;Oui;Non répondeur;2026-03-16
PAT-0147;CHU Nice;F;30.0;76.0;TRAITEMENT A;48.0;24;101.5;88.1;Non;Répondeur;2026-02-06
PAT-0001;CHU Marseille;F;73.0;69.8;TRAITEMENT C;150.0;31;124.8;103.0;Non;Répondeur;2026-06-07
PAT-0140;CHU Nice;F;68.0;92.2;TRAITEMENT B;98.0;37;104.7;95.4;Non;Non répondeur;2026-03-04
PAT-148;CHU Marseille;F;31.0;107.0;TRAITEMENT C;139.0;24;120.0;89.9;Oui;Répondeur;2026-03-08
PAT-0039;CHU Nice;F;39.0;80.9;TRAITEMENT A;53.0;31;125.9;117.5;Non;Répondeur;2026-05-29
PAT-0170;CH Lyon Sud;H;46.0;65.6;TRAITEMENT A;45.0;31;99.9;84.0;Non;Non répondeur;2026-02-17
PAT-0164;CHU Nice;F;68.0;71.4;TRAITEMENT B;103.0;30;96.7;85.6;Oui;Non répondeur;2026-03-31
PAT-0053;CHU Marseille;F;51.0;68.7;PLACEBO;2.0;26;93.0;97.9;Non;Non répondeur;2026-03-17
PAT-0160;CHU Marseille;F;57.0;50.7;TRAITEMENT C;154.0;21;109.2;71.7;Non;Répondeur;2026-03-13
PAT-0128;CHU Nice;F;60.0;72.3;TRAITEMENT A;53.0;26;82.0;60.5;Non;Répondeur;2026-04-22
PAT-0088;CHU Marseille;H;62.0;72.5;TRAITEMENT B;99.0;31;104.7;74.9;Non;Répondeur;2026-05-18
PAT-0171;CHU Nice;F;46.0;71.5;TRAITEMENT B;;31;108.2;90.0;Oui;Répondeur;2026-04-23
PAT-0172;CHU Marseille;H;56.0;75.1;TRAITEMENT B;94.0;25;93.3;68.6;Non;Répondeur;2026-05-26
PAT-0060;CHU Nice;H;49.0;79.0;TRAITEMENT C;155.0;30;81.5;56.8;Non;Répondeur;2026-04-28
PAT-0157;CHU Nice;H;57.0;72.2;TRAITEMENT A;50.0;20;129.8;112.0;Non;Répondeur;2026-02-26
PAT-0040;CHU Marseille;H;36.0;54.2;TRAITEMENT A;57.0;34;105.8;109.3;Non;Non répondeur;2026-05-14
PAT-0120;CHU Marseille;F;60.0;75.0;TRAITEMENT A;51.0;30;93.4;77.9;Non;Répondeur;2026-02-07
PAT-0031;CHU Marseille;F;61.0;59.7;TRAITEMENT B;95.0;26;109.5;90.3;Non;Répondeur;2026-05-30
PAT-0081;CHU Marseille;H;29.0;57.7;TRAITEMENT C;152.0;28;119.0;88.7;Non;Répondeur;2026-03-02
PAT-0152;CH Lyon Sud;H;62.0;68.0;TRAITEMENT C;156.0;33;89.2;67.4;Non;Répondeur;2026-03-30
PAT-0071;CHU Nice;F;73.0;90.5;TRAITEMENT C;132.0;15;94.4;73.7;Oui;Répondeur;2026-06-08
PAT-0091;CHU Nice;H;59.0;70.3;PLACEBO;0.0;34;111.9;109.8;Non;Non répondeur;2026-07-27
PAT-0138;CHU Marseille;F;41.0;68.4;TRAITEMENT B;100.0;21;108.9;88.8;Non;Répondeur;2026-07-25
PAT-24;CH Lyon Sud;H;55.0;46.9;TRAITEMENT A;49.0;31;112.7;94.0;Non;Répondeur;2026-01-21
PAT-0151;CH Lyon Sud;F;19.0;82.7;PLACEBO;5.0;30;85.3;71.2;Oui;Répondeur;2026-07-03
PAT-0035;CHU Marseille;F;78.0;69.9;PLACEBO;0.0;29;106.0;100.2;Non;Non répondeur;2026-03-06
PAT-0016;CHU Nice;H;32.0;69.7;PLACEBO;;23;88.4;87.1;Non;Non répondeur;2026-04-19
PAT-0086;CHU Nice;H;44.0;72.1;TRAITEMENT B;100.0;28;103.7;87.2;Non;Répondeur;2026-06-18
PAT-0066;CHU Marseille;F;;75.7;TRAITEMENT C;151.0;27;96.0;79.4;Non;Répondeur;2026-04-25
PAT-0042;CH Lyon Sud;F;51.0;83.0;TRAITEMENT C;148.0;35;119.1;103.8;Non;Répondeur;2026-03-27
PAT-166;CHU Nice;F;46.0;64.4;TRAITEMENT A;46.0;23;90.7;80.9;Non;Non répondeur;2026-02-21
PAT-0008;CHU Marseille;H;71.0;62.0;TRAITEMENT B;106.0;22;93.4;84.2;Non;Répondeur;2026-07-21
PAT-0105;CHU Marseille;F;44.0;76.2;TRAITEMENT B;104.0;19;91.6;75.3;;Répondeur;2026-02-19
PAT-0132;CH Lyon Sud;H;76.0;76.4;TRAITEMENT B;94.0;37;75.8;49.8;;Répondeur;2026-04-06
PAT-0019;CH Lyon Sud;H;67.0;79.5;TRAITEMENT A;46.0;45;99.4;69.7;Non;Répondeur;2026-03-07
PAT-0072;CHU Nice;F;36.0;91.0;TRAITEMENT C;141.0;23;81.1;54.8;Non;Répondeur;2026-02-01
PAT-0167;CH Lyon Sud;F;46.0;81.1;TRAITEMENT C;146.0;31;111.1;77.8;Non;Répondeur;2026-06-03
PAT-0098;CHU Nice;F;61.0;83.0;TRAITEMENT A;56.0;28;107.5;93.5;Non;Répondeur;2026-05-01
PAT-0168;CH Lyon Sud;H;62.0;57.2;TRAITEMENT C;147.0;32;104.1;65.7;Oui;Répondeur;2026-05-28
PAT-0038;CHU Marseille;H;42.0;80.6;TRAITEMENT A;57.0;37;90.4;97.5;Non;Non répondeur;2026-01-18
PAT-0169;CHU Nice;F;71.0;67.5;TRAITEMENT C;153.0;25;110.4;;Non;Répondeur;2026-04-14
PAT-0153;CHU Nice;F;56.0;66.6;PLACEBO;1.0;25;123.6;119.1;Non;Non répondeur;2026-03-18
