Export base clinique - CONFIDENTIEL - Genere le 14/09/2026;;;;;;;;;;;;;
N° Patient;Centre;Sexe;Age (ans);Poids (kg);Traitement;Dose (mg);Duree traitement;Biomarqueur J0;Biomarqueur J28;Effet indesirable;Reponse;Date visite;Commentaire;
PAT-0110;CH Lyon Sud;H;38;68,5;Traitement B;98;26;114,7;84,8;Non;Répondeur;29/06/2026;;
PAT-0103;CHU Nice;H;52 ans;60,1;Traitement C;142;26;106,8;65,6; oui;Répondeur;30/01/2026;;
PAT-0052;CHU Nice;H;33;72,1;TRAITEMENT B;100;37;102,7;88,5;Non;Répondeur;13/04/2026;;
PAT-0080;CHU Marseille;F;55;72,7;Traitement B;100;27;76,2;66,2;Non;Répondeur;12/05/2026;;
PAT-0155;CHU Nice;Homme;35;72,3;Traitement A;52;24;107,4;98,3;Non;Répondeur;13/07/2026;;
PAT-0143;CH Lyon Sud;H;52 ans;72,4;Traitement C;152;25 jours;54,1;33,1;Non;Répondeur;06/06/2026;;
PAT-0012;CH Lyon Sud;H;47 ans;71,8;Traitement A;46;27;115,5;104,6;Non;Répondeur;04/02/2026;;
PAT-0133;CHU Marseille;H;50 ans;89,2;Traitement B;107;34;113,3;93,2;Non;Répondeur;13/01/2026;;
PAT-0017;CHU Marseille;F;60;58,6;Traitement C;155;29;89,9;67,3;Non;Répondeur;09/03/2026;;
PAT-0036;CHU Nice;F;51;75,1 kg;Traitement A;55;24;90,0;91,3;Non;Non répondeur;08/03/2026;;
PAT-0154;CHU Marseille;Femme;43;82,0;Traitement A;47;27;91,3;84,7;Non;Non répondeur;28/04/2026;Sortie d'étude;
PAT-0013;CHU Marseille;H;40;79,7;traitement a;47;21;124,3;108,8;Non;Non répondeur;23/03/2026;;
PAT-0048;CHU Nice;F;50;91,8;Traitement C;149;20;78,8;47,8;;Répondeur;14/01/2026;;
PAT-0131;CHU Nice;H;47;42,6 kg;Traitement B;102;27;115,4;103,2;Non;Non répondeur;01/05/2026;;
PAT-0156;CHU Marseille;F;63;75,1;Placebo;0;12;70,1;56,9;Non;Répondeur;26/07/2026;;
PAT-0064;CHU Marseille;F;48;80,1;PLACEBO;2;24;109,8;;Non;Non répondeur;16/01/2026;;
PAT-0159;CHU Marseille;H;57;76,7;PLACEBO;0;15;97,1;101,3;Non;Non répondeur;02/06/2026;;
PAT-0163;CHU Nice;F;60;56,1;Placebo;5;36;94,8;90,7;Non;Non répondeur;02/04/2026;;
PAT-0025;CHU Marseille;H;50;55,5;Traitement A;58;28 jours;92,8;93,9;Non;Non répondeur;30/04/2026;;
PAT-0089;CHU Nice;H;58;69,8;Placebo;0;26;74,6;71,3;Non;Répondeur;06/03/2026;;
PAT-0085;CHU Nice;Femme;44;81,8;traitement a;49;25;75,0;68,3;Non;Répondeur;14/06/2026;;
PAT-0149;CHU Nice;F;58;81,4 kg;Traitement B;100;23;82,6;68,7;Non;Non répondeur;04/04/2026;;
PAT-0021;CHU Marseille;F;42;60,8;traitement b;92;37;92,3;85,1;Oui;Non répondeur;18/02/2026;;
PAT-100;CH Lyon Sud;F;44;83,3;Traitement B;93;13;143,4;126,2;Non;Répondeur;10/02/2026;;
PAT-174;CH Lyon Sud;f;64;80,0;Traitement B;101;21;74,9;58,7;Non;Répondeur;05/03/2026;;
PAT-0057;CHU Marseille;H;33;84,5;Placebo;3;28;113,5;109,4;Non;Non répondeur;13/01/2026;;
PAT-0135;CHU Marseille;H;38;67,8;Traitement C;142;33;74,3;49,7;Non;Répondeur;07/06/2026;;
PAT-0014;CH Lyon Sud;F;46;60,6;Traitement A;48;27;87,2;72,1; non;Répondeur;08/07/2026;;
PAT-0033;CHU Nice;H;59;72,6;Traitement B;102;28;123,2;111,8;Non;Non répondeur;30/04/2026;;
PAT-0107;CHU Nice;H;45;84,1;Traitement B;103;23;137,0;129,6;Non;Répondeur;27/01/2026;;
PAT-139;CHU Marseille;H;54;87,7;traitement a;49;22;102,8;99,2;Non;Répondeur;25/07/2026;;
PAT-0067;CHU Marseille;F;78;52,4;Traitement A;ND;26;60,3;45,6;Non;Répondeur;12/06/2026;;
;;;;;;;;;;;;;;
PAT-0092;CHU Marseille;H;39;63,8;TRAITEMENT C;149;29 jours;70,0;48,5;Non;Répondeur;27/07/2026;;
PAT-0070;CHU Nice;H;55;57,9;Traitement C;152;27;55,6;35,9; non;Répondeur;06/04/2026;;
PAT-0059;CHU Nice;H;68;81,4;Placebo;0;26;89,4;76,2;Non;Répondeur;30/06/2026;;
PAT-0006;CH Lyon Sud;F;70;83,5;Traitement A;45;24;116,7;109,0;Non;Non répondeur;11/04/2026;;
PAT-0117;CHU Marseille;F;48;75,4;Traitement A;52;18 jours;107,5;91,8;Non;Répondeur;11/03/2026;;
PAT-0063;CHU Marseille;H;37;79,0;Placebo;4;28;66,6;67,5;Non;Non répondeur;09/02/2026;;
PAT-0073;CH Lyon Sud;H;55;87,0 kg;Traitement B;102;26;112,9;97,7; non;Répondeur;31/01/2026;;
PAT-0158;CHU Marseille;F;83;75,7;Traitement C;155;17;109,6;87,8;Non;Répondeur;18/02/2026;;
PAT-0009;CHU Nice;F;54;78,1;Traitement A;48;31;71,1;68,5;Non;Non répondeur;03/03/2026;;
PAT-0078;CHU Marseille;H;45;60,0 kg;Traitement B;98;28;96,8;84,1;Non;Répondeur;16/01/2026;;
PAT-106;CHU Marseille;H;58;86,2 kg;Traitement B;102;22 jours;83,5;65,5;Non;Répondeur;15/01/2026;;
PAT-0032;CH Lyon Sud;F;57;76,9;placebo;0;24;124,6;119,3;Non;Répondeur;04/04/2026;;
PAT-0142;CHU Marseille;F;30;93,0;Traitement C;152;20;119,6;94,9;Oui;Répondeur;22/04/2026;;
PAT-0137;CH Lyon Sud;H;56;62,2;TRAITEMENT A;45;40 jours;105,8;92,4;Non;Non répondeur;28/07/2026;;
PAT-0180;CHU Marseille;Femme;40;70,9;Traitement C;151;32;115,5;104,5;;Non répondeur;04/06/2026;;
PAT-0119;CHU Nice;F;38;74,7;Traitement B;101;29;91,9;65,1;Non;Répondeur;15/01/2026;;
PAT-0104;CH Lyon Sud;H;55;75,8;TRAITEMENT A;51;26;107,0;96,4; oui;Répondeur;28/07/2026;;
PAT-0069;CHU Nice;H;41;65,9;Placebo;0;27 jours;119,7;107,1; non;Répondeur;01/07/2026;;
PAT-0122;CHU Marseille;H;33;66,7;Placebo;0;20;94,0;89,2;Non;Répondeur;22/01/2026;;
PAT-0002;CHU Nice;F;39 ans;84,2;PLACEBO;1;27;120,4;115,9; non;Non répondeur;26/04/2026;;
PAT-0127;CHU Nice;H;50;72,3;Traitement A;52;20;106,0;95,3;Oui;Non répondeur;18/06/2026;;
PAT-0079;CHU Marseille;H;63;76,4;Traitement C;161;28;106,0;75,9;Non;Répondeur;26/07/2026;;
PAT-0177;CHU Nice;F;42;50,5;Traitement B;107;23;86,4;74,6;Non;Non répondeur;02/04/2026;;
PAT-0018;CHU Nice;F;45;54,8 kg;Traitement A;47;36;112,4;100,3;Non;Répondeur;09/02/2026;;
PAT-0161;CHU Nice;Homme;50;79,3;Traitement C;153;36;77,4;57,8;Non;Répondeur;20/02/2026;;
PAT-0082;CHU Nice;F;59;71,4;placebo;8;38;87,8;80,8;Oui;Non répondeur;13/06/2026;;
PAT-0051;CHU Nice;H;54;62,2;Traitement B;100;33;113,2;85,8;Non;Répondeur;20/03/2026;;
PAT-0023;CH Lyon Sud;F;41 ans;84,4;traitement c;151;27 jours;101,6;82,1;Non;Répondeur;07/02/2026;;
PAT-0077;CHU Nice;F;46;74,2;Placebo;7;36;129,4;118,7;Non;Répondeur;17/03/2026;;
PAT-0058;CHU Marseille;F;69;61,9;TRAITEMENT C;144;35;74,8;67,5;Oui;Répondeur;28/03/2026;;
PAT-0162;CH Lyon Sud;F;63;61,2;Traitement A;45;28 jours;118,9;118,2; non;Non répondeur;18/01/2026;;
PAT-0146;CHU Nice;F;51;73,4 kg;traitement c;139;24;72,0;43,4; oui;Répondeur;11/04/2026;;
PAT-0123;CHU Nice;F;61;87,8;TRAITEMENT B;96;33;114,7;105,6;Oui;Répondeur;06/06/2026;;
PAT-0068;CHU Nice;H;37;72,9;Traitement C;152;39;84,1;68,2;Oui;Répondeur;21/03/2026;;
PAT-0097;CHU Nice;H;35;70,7;TRAITEMENT C;145;29;129,8;109,3;Non;Répondeur;22/07/2026;;
PAT-0041;CHU Nice;H;40;47,3;Traitement A;41;35;96,5;90,0;Non;Répondeur;14/03/2026;;
PAT-0165;CHU Marseille;F;45 ans;72,9;Placebo;1;33;92,1;84,2;Non;Répondeur;04/05/2026;;
PAT-0076;CHU Nice;F;35;72,1 kg;Placebo;0;27;109,0;103,5;Non;Répondeur;19/07/2026;;
PAT-0055;CHU Marseille;F;40;94,5;PLACEBO;8;27 jours;65,9;47,1;Non;Non répondeur;13/06/2026;;
PAT-0144;CHU Marseille;F;40;91,3;Traitement B;102;31;94,9;74,2; non;Répondeur;02/07/2026;;
PAT-0113;CHU Nice;F;85;65,6;Placebo;7;17;109,0;108,2;Non;Non répondeur;12/01/2026;;
PAT-0179;CH Lyon Sud;F;39;69,6;Placebo;2;31;115,9;114,6;Non;Non répondeur;13/03/2026;;
PAT-0044;CHU Nice;F;53;60,8;Placebo;1;32;67,8;58,8;Non;Non répondeur;22/05/2026;;
PAT-0173;CHU Nice;Femme;49 ans;60,9;Traitement A;49;21 jours;135,7;116,8;Non;Répondeur;27/03/2026;;
PAT-0030;CHU Marseille;F;61 ans;59,5;Traitement C;150;32;110,4;86,3;Oui;Répondeur;10/04/2026;;
PAT-0124;CHU Nice;F;79;59,2 kg;Traitement A;48;23;72,3;65,0;Non;Répondeur;20/07/2026;;
PAT-0037;CHU Nice;H;48 ans;73,7;TRAITEMENT C;156;35;100,4;77,6;Non;Non répondeur;07/04/2026;;
PAT-0056;CHU Marseille;F;54;91,6 kg;TRAITEMENT A;52;29;104,1;93,8;Non;Non répondeur;23/06/2026;;
PAT-0134;CHU Nice;H;74;59,6;Traitement A;47;26 jours;106,5;93,4;Non;Répondeur;17/07/2026;;
PAT-0150;CHU Nice;H;45;64,2;Placebo;0;42;105,4;107,5;Non;Non répondeur;02/07/2026;;
PAT-0083;CH Lyon Sud;h;44;71,1;Traitement B;101;14 jours;91,0;71,6; non;Répondeur;11/07/2026;Ecart au protocole mineur;
PAT-0087;CHU Marseille;H;59;74,7;traitement c;143;32;115,5;97,0;Oui;Répondeur;22/04/2026;;
PAT-0020;CHU Marseille;H;21 ans;68,1;TRAITEMENT B;102;24 jours;127,8;104,1;Non;Répondeur;11/02/2026;;
PAT-0096;CHU Marseille;H;42;52,3;Placebo;0;32;106,6;91,8;Non;Répondeur;10/04/2026;;
PAT-0015;CHU Nice;H;58;71,9;Placebo;0;18;104,8;90,4;Non;Répondeur;29/05/2026;;
PAT-0047;CHU Nice;H;62;82,2;Traitement A;59;32;104,0;95,3;Non;Non répondeur;04/04/2026;;
PAT-0114;CHU Marseille;H;47;74,8;Placebo;9;27;79,3;83,2;Non;Non répondeur;17/04/2026;;
PAT-0054;CHU Marseille;F;55;60,8;Traitement C;156;21;93,7;71,6;Oui;Non répondeur;31/03/2026;;
PAT-0109;CHU Nice;F;70;58,3;Placebo;2;39;88,3;;Non;Non répondeur;01/02/2026;;
PAT-0074;CHU Nice;H;76;74,8;Traitement C;152;24;89,2;62,8;Non;Répondeur;17/06/2026;;
PAT-0062;CHU Marseille;f;21;85,7;Placebo;1;31 jours;100,9;101,0;Non;Non répondeur;10/05/2026;;
PAT-0102;CHU Marseille;H;46;62,7;Placebo;2;21 jours;87,2;75,3; non;Répondeur;20/03/2026;;
PAT-0145;CHU Marseille;F;48;71,0;Traitement B;103;27 jours;97,4;74,4;Oui;Répondeur;13/02/2026;;
PAT-0099;CHU Nice;F;55;83,7;Traitement C;148;37;110,5;97,7;Oui;Répondeur;29/04/2026;;
PAT-0007;CHU Marseille;H;46;61,3;Traitement C;151;28 jours;101,1;72,7;Non;Répondeur;21/06/2026;;
PAT-0116;CH Lyon Sud;F;48;65,1;Traitement A;49;27;130,6;135,7; non;Non répondeur;26/07/2026;Perdu de vue;
PAT-0115;CHU Nice;F;27;66,5;Traitement A;57;22 jours;105,6;88,4;Non;Répondeur;11/02/2026;;
PAT-0049;CHU Marseille;F;44;77,7;Placebo;2;23;99,6;87,1; non;Répondeur;12/04/2026;;
PAT-0175;CHU Nice;h;23;72,7;Placebo;12;29;120,2;112,1;Non;Répondeur;23/04/2026;;
PAT-0121;CHU Marseille;F;59;59,5;Traitement A;54;31;95,9;97,5;Non;Répondeur;22/02/2026;;
PAT-0084;CHU Nice;H;69;91,8 kg;Placebo;ND;16;99,6;105,9;Non;Non répondeur;09/03/2026;;
PAT-0061;CHU Marseille;Femme;57;76,9;traitement b;104;22 jours;84,6;81,5;Non;Non répondeur;22/02/2026;;
PAT-0005;CHU Nice;F;50 ans;71,4;Traitement B;94;35;91,5;86,3; oui;Non répondeur;19/01/2026;;
PAT-0046;CH Lyon Sud;F;64;73,1;Traitement C;149;21;101,0;85,9;Oui;Répondeur;02/02/2026;;
PAT-0043;CHU Marseille;F;56;85,1;Traitement C;146;32;65,3;38,2;Non;Non répondeur;18/03/2026;;
PAT-0130;CHU Marseille;H;54;85,4;Traitement B;104;32;119,9;108,8;Oui;Répondeur;30/01/2026;;
PAT-0045;CH Lyon Sud;h;42;51,5;Traitement C;147;31;112,7;93,9;Oui;Répondeur;12/06/2026;;
PAT-0027;CHU Marseille;H;50;88,1;Traitement B;110;26;98,2;85,2;Non;Répondeur;12/04/2026;;
PAT-0178;CH Lyon Sud;F;22;71,9;Placebo;1;28;135,7;134,9;;Non répondeur;22/03/2026;;
PAT-125;CHU Nice;F;54;48,7;PLACEBO;3;32;113,8;110,1;Oui;Répondeur;28/07/2026;;
PAT-0101;CH Lyon Sud;H;71;72,4;traitement b;102;19;96,6;68,1; non;Répondeur;19/06/2026;;
PAT-0111;CHU Marseille;F;21;74,4;Traitement A;48;26;98,3;93,6;Non;Non répondeur;24/04/2026;;
PAT-0004;CHU Marseille;H;69;60,7;Placebo;0;25;126,9;126,6; non;Non répondeur;29/06/2026;;
PAT-0094;CHU Nice;F;33;77,6 kg;PLACEBO;1;30;114,0;117,3;Non;Non répondeur;20/01/2026;;
PAT-0010;CHU Marseille;H;55 ans;69,6;Traitement C;137;37;97,3;79,9;Non;Non répondeur;22/05/2026;;
PAT-0028;CHU Nice;Femme;55;75,1;Traitement C;149;20;86,6;80,9;Non;Répondeur;08/02/2026;;
PAT-0090;CHU Marseille;H;30;60,1 kg;Traitement B;105;34;98,0;97,0; oui;Non répondeur;16/07/2026;;
PAT-0136;CHU Nice;H;60;63,7;Traitement B;95;40;99,6;75,0;Non;Répondeur;22/04/2026;;
PAT-0093;CHU Nice;H;55;58,2;Traitement B;99;34;82,8;71,6;;Répondeur;08/06/2026;;
PAT-0176;CHU Nice;F;41;51,2;Placebo;0;30;121,9;121,5;Non;Non répondeur;24/03/2026;;
PAT-0075;CHU Nice;H;31;86,9;Placebo;0;36;106,5;96,0;Non;Répondeur;27/06/2026;;
PAT-0129;CHU Nice;H;30;70,7;Traitement B;98;30;121,3;100,7;Oui;Répondeur;21/01/2026;;
PAT-112;CHU Nice;H;73;69,8;Traitement A;54;21;96,0;90,9;Non;Non répondeur;17/03/2026;;
PAT-0034;CHU Nice;F;56;78,0;Traitement B;103;33 jours;94,0;78,3;Non;Répondeur;26/04/2026;;
PAT-0118;CHU Marseille;F;50;67,6;Traitement B;104;23;94,0;84,2;Oui;Répondeur;16/04/2026;;
PAT-0095;CHU Nice;F;58 ans;76,3;PLACEBO;3;25 jours;104,3;87,3;Non;Répondeur;26/03/2026;;
PAT-0126;CHU Marseille;H;48;51,5;Traitement A;50;28;93,9;94,4;Oui;Non répondeur;06/03/2026;;
PAT-0022;CHU Nice;F;30;70,9;Traitement C;152;29;116,0;89,3;Oui;Répondeur;29/05/2026;;
PAT-0011;CHU Nice;F;72 ans;79,1;Traitement C;141;28;75,0;58,2;Non;Répondeur;18/02/2026;;
PAT-0108;CHU Nice;H;47;70,5;Traitement C;143;43;105,2;91,6;;Répondeur;12/04/2026;;
PAT-0141;CHU Marseille;F;48;68,3;Traitement B;103;22;123,6;107,6;Non;Répondeur;07/07/2026;;
PAT-0026;CHU Nice;H;49;61,8;traitement c;147;29;99,2;76,2;Non;Répondeur;10/03/2026;;
PAT-0050;CHU Nice;H;59;67,9;Traitement C;149;36;132,1;100,1;Non;Répondeur;02/03/2026;;
PAT-0029;CHU Nice;H;39 ans;80,4;Placebo;0;19;110,6;118,2;Non;Non répondeur;22/02/2026;;
PAT-65;CHU Marseille;F;38;79,0;Traitement B;106;27;112,1;99,4;Non;Répondeur;18/05/2026;Visite reportée;
PAT-0003;CH Lyon Sud;F;40;69,3 kg;PLACEBO;5;37;84,0;79,5;Oui;Non répondeur;16/03/2026;;
PAT-0147;CHU Nice;F;30 ans;76,0;Traitement A;48;24;101,5;88,1;Non;Répondeur;06/02/2026;;
PAT-0001;CHU Marseille;F;73;69,8;Traitement C;150;31;124,8;103,0;Non;Répondeur;07/06/2026;;
PAT-0140;CHU Nice;F;68;92,2;Traitement B;98;37 jours;104,7;95,4;Non;Non répondeur;04/03/2026;;
PAT-148;CHU Marseille;F;31;107,0;Traitement C;139;24;120,0;89,9;Oui;Répondeur;08/03/2026;;
PAT-0039;CHU Nice;F;39;80,9;Traitement A;53;31;125,9;117,5;Non;Répondeur;29/05/2026;;
PAT-0170;CH Lyon Sud;H;46;65,6;Traitement A;45;31 jours;99,9;84,0;Non;Non répondeur;17/02/2026;;
PAT-0164;CHU Nice;F;68;71,4;Traitement B;103;30;96,7;85,6;Oui;Non répondeur;31/03/2026;;
PAT-0053;CHU Marseille;F;51 ans;68,7;Placebo;2;26 jours;93,0;97,9;Non;Non répondeur;17/03/2026;;
PAT-0160;CHU Marseille;F;57 ans;50,7 kg;Traitement C;154;21;109,2;71,7;Non;Répondeur;13/03/2026;;
PAT-0128;CHU Nice;F;60;72,3;Traitement A;53;26;82,0;60,5;Non;Répondeur;22/04/2026;;
PAT-0088;CHU Marseille;H;62;72,5;Traitement B;99;31;104,7;74,9;Non;Répondeur;18/05/2026;;
PAT-0171;CHU Nice;F;46;71,5;Traitement B;ND;31 jours;108,2;90,0;Oui;Répondeur;23/04/2026;;
PAT-0172;CHU Marseille;H;56;75,1 kg;Traitement B;94;25;93,3;68,6;Non;Répondeur;26/05/2026;;
PAT-0060;CHU Nice;H;49;79,0;Traitement C;155;30;81,5;56,8; non;Répondeur;28/04/2026;;
PAT-0078;CHU Marseille;H;45;60,0 kg;Traitement B;98;28;96,8;84,1;Non;Répondeur;16/01/2026;;
PAT-0157;CHU Nice;H;57;72,2;Traitement A;50;20;129,8;112,0;Non;Répondeur;26/02/2026;;
PAT-0040;CHU Marseille;H;36 ans;54,2;Traitement A;57;34;105,8;109,3;Non;Non répondeur;14/05/2026;;
PAT-0120;CHU Marseille;F;60;75,0;TRAITEMENT A;51;30;93,4;77,9;Non;Répondeur;07/02/2026;;
PAT-0031;CHU Marseille;F;61;59,7;traitement b;95;26;109,5;90,3;Non;Répondeur;30/05/2026;;
PAT-0081;CHU Marseille;H;29 ans;57,7;traitement c;152;28;119,0;88,7;Non;Répondeur;02/03/2026;Patient inclus par erreur;
PAT-0152;CH Lyon Sud;H;62;68,0;Traitement C;156;33;89,2;67,4;Non;Répondeur;30/03/2026;;
PAT-0071;CHU Nice;F;73 ans;90,5;TRAITEMENT C;132;15;94,4;73,7;Oui;Répondeur;08/06/2026;;
PAT-0091;CHU Nice;H;59;70,3;Placebo;0;34;111,9;109,8;Non;Non répondeur;27/07/2026;;
PAT-0011;CHU Nice;F;72 ans;79,1;Traitement C;141;28;75,0;58,2;Non;Répondeur;18/02/2026;;
PAT-0138;CHU Marseille;F;41;68,4;Traitement B;100;21;108,9;88,8; non;Répondeur;25/07/2026;;
PAT-24;CH Lyon Sud;H;55;46,9;Traitement A;49;31;112,7;94,0;Non;Répondeur;21/01/2026;;
PAT-0151;CH Lyon Sud;F;19;82,7;Placebo;5;30;85,3;71,2;Oui;Répondeur;03/07/2026;;
PAT-0035;CHU Marseille;f;78;69,9;Placebo;0;29;106,0;100,2;Non;Non répondeur;06/03/2026;;
PAT-0016;CHU Nice;H;32;69,7 kg;placebo;ND;23;88,4;87,1;Non;Non répondeur;19/04/2026;;
PAT-0086;CHU Nice;H;44;72,1;Traitement B;100;28 jours;103,7;87,2;Non;Répondeur;18/06/2026;;
PAT-0066;CHU Marseille;F;ND;75,7;Traitement C;151;27;96,0;79,4;Non;Répondeur;25/04/2026;;
PAT-0042;CH Lyon Sud;F;51 ans;83,0;Traitement C;148;35;119,1;103,8;Non;Répondeur;27/03/2026;;
PAT-166;CHU Nice;F;46 ans;64,4;Traitement A;46;23;90,7;80,9;Non;Non répondeur;21/02/2026;;
PAT-0008;CHU Marseille;H;71;62,0;TRAITEMENT B;106;22;93,4;84,2;Non;Répondeur;21/07/2026;;
PAT-0105;CHU Marseille;F;44;76,2;Traitement B;104;19;91,6;75,3;;Répondeur;19/02/2026;;
PAT-0132;CH Lyon Sud;H;76;76,4;Traitement B;94;37;75,8;49,8;;Répondeur;06/04/2026;;
PAT-0019;CH Lyon Sud;H;67;79,5;Traitement A;46;45;99,4;69,7;Non;Répondeur;07/03/2026;Patient inclus par erreur;
PAT-0072;CHU Nice;F;36;91,0;Traitement C;141;23;81,1;54,8;Non;Répondeur;01/02/2026;;
PAT-0167;CH Lyon Sud;F;46 ans;81,1;Traitement C;146;31;111,1;77,8; non;Répondeur;03/06/2026;;
PAT-0098;CHU Nice;Femme;61;83,0;Traitement A;56;28;107,5;93,5;Non;Répondeur;01/05/2026;;
PAT-0168;CH Lyon Sud;H;62;57,2;Traitement C;147;32;104,1;65,7;Oui;Répondeur;28/05/2026;;
PAT-0038;CHU Marseille;H;42;80,6;TRAITEMENT A;57;37 jours;90,4;97,5;Non;Non répondeur;18/01/2026;;
PAT-0169;CHU Nice;F;71;67,5 kg;Traitement C;153;25;110,4;;Non;Répondeur;14/04/2026;;
PAT-0153;CHU Nice;F;56;66,6;Placebo;1;25;123,6;119,1;Non;Non répondeur;18/03/2026;;
